<?xml version="1.0"?>
<doc>
    <assembly>
        <name>GeneralMatrix</name>
    </assembly>
    <members>
        <member name="T:DotNetMatrix.CholeskyDecomposition">
            <summary>Cholesky Decomposition.
            For a symmetric, positive definite matrix A, the Cholesky decomposition
            is an lower triangular matrix L so that A = L*L'.
            If the matrix is not symmetric or positive definite, the constructor
            returns a partial decomposition and sets an internal flag that may
            be queried by the isSPD() method.
            </summary>
        </member>
        <member name="F:DotNetMatrix.CholeskyDecomposition.L">
            <summary>Array for internal storage of decomposition.
            @serial internal array storage.
            </summary>
        </member>
        <member name="F:DotNetMatrix.CholeskyDecomposition.n">
            <summary>Row and column dimension (square matrix).
            @serial matrix dimension.
            </summary>
        </member>
        <member name="F:DotNetMatrix.CholeskyDecomposition.isspd">
            <summary>Symmetric and positive definite flag.
            @serial is symmetric and positive definite flag.
            </summary>
        </member>
        <member name="M:DotNetMatrix.CholeskyDecomposition.#ctor(DotNetMatrix.GeneralMatrix)">
            <summary>Cholesky algorithm for symmetric and positive definite matrix.</summary>
            <param name="Arg">  Square, symmetric matrix.
            </param>
            <returns>     Structure to access L and isspd flag.
            </returns>
        </member>
        <member name="M:DotNetMatrix.CholeskyDecomposition.GetL">
            <summary>Return triangular factor.</summary>
            <returns>     L
            </returns>
        </member>
        <member name="M:DotNetMatrix.CholeskyDecomposition.Solve(DotNetMatrix.GeneralMatrix)">
            <summary>Solve A*X = B</summary>
            <param name="B">  A Matrix with as many rows as A and any number of columns.
            </param>
            <returns>     X so that L*L'*X = B
            </returns>
            <exception cref="T:System.ArgumentException">  Matrix row dimensions must agree.
            </exception>
            <exception cref="T:System.SystemException"> Matrix is not symmetric positive definite.
            </exception>
        </member>
        <member name="P:DotNetMatrix.CholeskyDecomposition.SPD">
            <summary>Is the matrix symmetric and positive definite?</summary>
            <returns>     true if A is symmetric and positive definite.
            </returns>
        </member>
        <member name="T:DotNetMatrix.EigenvalueDecomposition">
            <summary>Eigenvalues and eigenvectors of a real matrix. 
            If A is symmetric, then A = V*D*V' where the eigenvalue matrix D is
            diagonal and the eigenvector matrix V is orthogonal.
            I.e. A = V.Multiply(D.Multiply(V.Transpose())) and 
            V.Multiply(V.Transpose()) equals the identity matrix.
            If A is not symmetric, then the eigenvalue matrix D is block diagonal
            with the real eigenvalues in 1-by-1 blocks and any complex eigenvalues,
            lambda + i*mu, in 2-by-2 blocks, [lambda, mu; -mu, lambda].  The
            columns of V represent the eigenvectors in the sense that A*V = V*D,
            i.e. A.Multiply(V) equals V.Multiply(D).  The matrix V may be badly
            conditioned, or even singular, so the validity of the equation
            A = V*D*Inverse(V) depends upon V.cond().
            
            </summary>
        </member>
        <member name="F:DotNetMatrix.EigenvalueDecomposition.n">
            <summary>Row and column dimension (square matrix).
            @serial matrix dimension.
            </summary>
        </member>
        <member name="F:DotNetMatrix.EigenvalueDecomposition.issymmetric">
            <summary>Symmetry flag.
            @serial internal symmetry flag.
            </summary>
        </member>
        <member name="F:DotNetMatrix.EigenvalueDecomposition.d">
            <summary>Arrays for internal storage of eigenvalues.
            @serial internal storage of eigenvalues.
            </summary>
        </member>
        <member name="F:DotNetMatrix.EigenvalueDecomposition.e">
            <summary>Arrays for internal storage of eigenvalues.
            @serial internal storage of eigenvalues.
            </summary>
        </member>
        <member name="F:DotNetMatrix.EigenvalueDecomposition.V">
            <summary>Array for internal storage of eigenvectors.
            @serial internal storage of eigenvectors.
            </summary>
        </member>
        <member name="F:DotNetMatrix.EigenvalueDecomposition.H">
            <summary>Array for internal storage of nonsymmetric Hessenberg form.
            @serial internal storage of nonsymmetric Hessenberg form.
            </summary>
        </member>
        <member name="F:DotNetMatrix.EigenvalueDecomposition.ort">
            <summary>Working storage for nonsymmetric algorithm.
            @serial working storage for nonsymmetric algorithm.
            </summary>
        </member>
        <member name="M:DotNetMatrix.EigenvalueDecomposition.#ctor(DotNetMatrix.GeneralMatrix)">
            <summary>Check for symmetry, then construct the eigenvalue decomposition</summary>
            <param name="Arg">   Square matrix
            </param>
            <returns>     Structure to access D and V.
            </returns>
        </member>
        <member name="M:DotNetMatrix.EigenvalueDecomposition.GetV">
            <summary>Return the eigenvector matrix</summary>
            <returns>     V
            </returns>
        </member>
        <member name="P:DotNetMatrix.EigenvalueDecomposition.RealEigenvalues">
            <summary>Return the real parts of the eigenvalues</summary>
            <returns>     real(diag(D))
            </returns>
        </member>
        <member name="P:DotNetMatrix.EigenvalueDecomposition.ImagEigenvalues">
            <summary>Return the imaginary parts of the eigenvalues</summary>
            <returns>     imag(diag(D))
            </returns>
        </member>
        <member name="P:DotNetMatrix.EigenvalueDecomposition.D">
            <summary>Return the block diagonal eigenvalue matrix</summary>
            <returns>     D
            </returns>
        </member>
        <member name="M:DotNetMatrix.Maths.Hypot(System.Double,System.Double)">
            <summary>
             sqrt(a^2 + b^2) without under/overflow.
            </summary>
            <param name="a"></param>
            <param name="b"></param>
            <returns></returns>
        </member>
        <member name="T:DotNetMatrix.GeneralMatrix">
             <summary>.NET GeneralMatrix class.
             
             The .NET GeneralMatrix Class provides the fundamental operations 
             of numerical linear algebra.  Various constructors create
             Matrices from two dimensional arrays of double precision floating
             point numbers.  Various "gets" and "sets" provide access to
             submatrices and matrix elements.  Several methods implement basic
             matrix arithmetic, including matrix addition and multiplication,
             matrix norms, and element-by-element array operations. Methods
             for reading and printing matrices are also included.  All the
             operations in this version of the GeneralMatrix Class involve real 
             matrices.
             Complex matrices may be handled in a future version.
             
             Five fundamental matrix decompositions, which consist of pairs 
             or triples of matrices, permutation vectors, and the like,
             produce results in five decomposition classes.  These
             decompositions are accessed by the GeneralMatrix class to compute
             solutions of simultaneous linear equations, determinants,
             inverses and other matrix functions.  The five decompositions are:
             
             <P><UL>
             <LI>Cholesky Decomposition of symmetric, positive definite matrices.</LI>
             <LI>LU Decomposition of rectangular matrices.</LI>
             <LI>QR Decomposition of rectangular matrices.</LI>
             <LI>Singular Value Decomposition of rectangular matrices.</LI>
             <LI>Eigenvalue Decomposition of both symmetric and nonsymmetric 
             square matrices.</LI>
             </UL>
             <DL>
             <DT><B>Example of use:</B></DT>
            
             <DD>
             Solve a linear system A x = b and compute the residual norm, ||b - A x||.
             <P><PRE>
             double[][] vals = {{1.,2.,3},{4.,5.,6.},{7.,8.,10.}};
             GeneralMatrix A = new GeneralMatrix(vals);
             GeneralMatrix b = GeneralMatrix.Random(3,1);
             GeneralMatrix x = A.Solve(b);
             GeneralMatrix r = A.Multiply(x).Subtract(b);
             double rnorm = r.NormInf();
             </PRE>
             </P>
             </DD>
             </DL>
             </P>
             </summary>
             <author>  
             The MathWorks, Inc. and the National Institute of Standards and 
             Technology.
             </author>
             <version>  5 August 1998
             </version>
        </member>
        <member name="F:DotNetMatrix.GeneralMatrix.A">
            <summary>Array for internal storage of elements.
            @serial internal array storage.
            </summary>
        </member>
        <member name="F:DotNetMatrix.GeneralMatrix.m">
            <summary>Row and column dimensions.
            @serial row dimension.
            @serial column dimension.
            </summary>
        </member>
        <member name="F:DotNetMatrix.GeneralMatrix.n">
            <summary>Row and column dimensions.
            @serial row dimension.
            @serial column dimension.
            </summary>
        </member>
        <member name="M:DotNetMatrix.GeneralMatrix.#ctor(System.Int32,System.Int32)">
            <summary>Construct an m-by-n matrix of zeros. </summary>
            <param name="m">   Number of rows.
            </param>
            <param name="n">   Number of colums.
            </param>
        </member>
        <member name="M:DotNetMatrix.GeneralMatrix.#ctor(System.Int32,System.Int32,System.Double)">
            <summary>Construct an m-by-n constant matrix.</summary>
            <param name="m">   Number of rows.
            </param>
            <param name="n">   Number of colums.
            </param>
            <param name="s">   Fill the matrix with this scalar value.
            </param>
        </member>
        <member name="M:DotNetMatrix.GeneralMatrix.#ctor(System.Double[][])">
            <summary>Construct a matrix from a 2-D array.</summary>
            <param name="A">   Two-dimensional array of doubles.
            </param>
            <exception cref="T:System.ArgumentException">   
            All rows must have the same length
            </exception>
            <seealso cref="M:DotNetMatrix.GeneralMatrix.Create(System.Double[][])">
            </seealso>
        </member>
        <member name="M:DotNetMatrix.GeneralMatrix.#ctor(System.Double[][],System.Int32,System.Int32)">
            <summary>Construct a matrix quickly without checking arguments.
            </summary>
            <param name="A">   Two-dimensional array of doubles.
            </param>
            <param name="m">   Number of rows.
            </param>
            <param name="n">   Number of colums.
            </param>
        </member>
        <member name="M:DotNetMatrix.GeneralMatrix.#ctor(System.Double[],System.Int32)">
            <summary>Construct a matrix from a one-dimensional packed array
            </summary>
            <param name="vals">
            One-dimensional array of doubles, packed by columns (ala Fortran).
            </param>
            <param name="m">   Number of rows.
            </param>
            <exception cref="T:System.ArgumentException">   
            Array length must be a multiple of m.
            </exception>
        </member>
        <member name="M:DotNetMatrix.GeneralMatrix.Create(System.Double[][])">
            <summary>Construct a matrix from a copy of a 2-D array.</summary>
            <param name="A">   Two-dimensional array of doubles.
            </param>
            <exception cref="T:System.ArgumentException">   
            All rows must have the same length
            </exception>
        </member>
        <member name="M:DotNetMatrix.GeneralMatrix.Copy">
            <summary>Make a deep copy of a matrix</summary>
        </member>
        <member name="M:DotNetMatrix.GeneralMatrix.GetElement(System.Int32,System.Int32)">
            <summary>Get a single element.</summary>
            <param name="i">   Row index.
            </param>
            <param name="j">   Column index.
            </param>
            <returns>     A(i,j)
            </returns>
            <exception cref="T:System.IndexOutOfRangeException">  
            </exception>
        </member>
        <member name="M:DotNetMatrix.GeneralMatrix.GetMatrix(System.Int32,System.Int32,System.Int32,System.Int32)">
            <summary>Get a submatrix.</summary>
            <param name="i0">  Initial row index
            </param>
            <param name="i1">  Final row index
            </param>
            <param name="j0">  Initial column index
            </param>
            <param name="j1">  Final column index
            </param>
            <returns>     A(i0:i1,j0:j1)
            </returns>
            <exception cref="T:System.IndexOutOfRangeException">   
            Submatrix indices
            </exception>
        </member>
        <member name="M:DotNetMatrix.GeneralMatrix.GetMatrix(System.Int32[],System.Int32[])">
            <summary>Get a submatrix.</summary>
            <param name="r">   Array of row indices.
            </param>
            <param name="c">   Array of column indices.
            </param>
            <returns>     A(r(:),c(:))
            </returns>
            <exception cref="T:System.IndexOutOfRangeException">   
            Submatrix indices
            </exception>
        </member>
        <member name="M:DotNetMatrix.GeneralMatrix.GetMatrix(System.Int32,System.Int32,System.Int32[])">
            <summary>Get a submatrix.</summary>
            <param name="i0">  Initial row index
            </param>
            <param name="i1">  Final row index
            </param>
            <param name="c">   Array of column indices.
            </param>
            <returns>     A(i0:i1,c(:))
            </returns>
            <exception cref="T:System.IndexOutOfRangeException">   
            Submatrix indices
            </exception>
        </member>
        <member name="M:DotNetMatrix.GeneralMatrix.GetMatrix(System.Int32[],System.Int32,System.Int32)">
            <summary>Get a submatrix.</summary>
            <param name="r">   Array of row indices.
            </param>
            <param name="j0">  Initial column index
            </param>
            <param name="j1">  Final column index
            </param>
            <returns>     A(r(:),j0:j1)
            </returns>
            <exception cref="T:System.IndexOutOfRangeException">   Submatrix indices
            </exception>
        </member>
        <member name="M:DotNetMatrix.GeneralMatrix.SetElement(System.Int32,System.Int32,System.Double)">
            <summary>Set a single element.</summary>
            <param name="i">   Row index.
            </param>
            <param name="j">   Column index.
            </param>
            <param name="s">   A(i,j).
            </param>
            <exception cref="T:System.IndexOutOfRangeException">  
            </exception>
        </member>
        <member name="M:DotNetMatrix.GeneralMatrix.SetMatrix(System.Int32,System.Int32,System.Int32,System.Int32,DotNetMatrix.GeneralMatrix)">
            <summary>Set a submatrix.</summary>
            <param name="i0">  Initial row index
            </param>
            <param name="i1">  Final row index
            </param>
            <param name="j0">  Initial column index
            </param>
            <param name="j1">  Final column index
            </param>
            <param name="X">   A(i0:i1,j0:j1)
            </param>
            <exception cref="T:System.IndexOutOfRangeException">  Submatrix indices
            </exception>
        </member>
        <member name="M:DotNetMatrix.GeneralMatrix.SetMatrix(System.Int32[],System.Int32[],DotNetMatrix.GeneralMatrix)">
            <summary>Set a submatrix.</summary>
            <param name="r">   Array of row indices.
            </param>
            <param name="c">   Array of column indices.
            </param>
            <param name="X">   A(r(:),c(:))
            </param>
            <exception cref="T:System.IndexOutOfRangeException">  Submatrix indices
            </exception>
        </member>
        <member name="M:DotNetMatrix.GeneralMatrix.SetMatrix(System.Int32[],System.Int32,System.Int32,DotNetMatrix.GeneralMatrix)">
            <summary>Set a submatrix.</summary>
            <param name="r">   Array of row indices.
            </param>
            <param name="j0">  Initial column index
            </param>
            <param name="j1">  Final column index
            </param>
            <param name="X">   A(r(:),j0:j1)
            </param>
            <exception cref="T:System.IndexOutOfRangeException"> Submatrix indices
            </exception>
        </member>
        <member name="M:DotNetMatrix.GeneralMatrix.SetMatrix(System.Int32,System.Int32,System.Int32[],DotNetMatrix.GeneralMatrix)">
            <summary>Set a submatrix.</summary>
            <param name="i0">  Initial row index
            </param>
            <param name="i1">  Final row index
            </param>
            <param name="c">   Array of column indices.
            </param>
            <param name="X">   A(i0:i1,c(:))
            </param>
            <exception cref="T:System.IndexOutOfRangeException">  Submatrix indices
            </exception>
        </member>
        <member name="M:DotNetMatrix.GeneralMatrix.Transpose">
            <summary>Matrix transpose.</summary>
            <returns>    A'
            </returns>
        </member>
        <member name="M:DotNetMatrix.GeneralMatrix.Norm1">
            <summary>One norm</summary>
            <returns>    maximum column sum.
            </returns>
        </member>
        <member name="M:DotNetMatrix.GeneralMatrix.Norm2">
            <summary>Two norm</summary>
            <returns>    maximum singular value.
            </returns>
        </member>
        <member name="M:DotNetMatrix.GeneralMatrix.NormInf">
            <summary>Infinity norm</summary>
            <returns>    maximum row sum.
            </returns>
        </member>
        <member name="M:DotNetMatrix.GeneralMatrix.NormF">
            <summary>Frobenius norm</summary>
            <returns>    sqrt of sum of squares of all elements.
            </returns>
        </member>
        <member name="M:DotNetMatrix.GeneralMatrix.UnaryMinus">
            <summary>Unary minus</summary>
            <returns>    -A
            </returns>
        </member>
        <member name="M:DotNetMatrix.GeneralMatrix.Add(DotNetMatrix.GeneralMatrix)">
            <summary>C = A + B</summary>
            <param name="B">   another matrix
            </param>
            <returns>     A + B
            </returns>
        </member>
        <member name="M:DotNetMatrix.GeneralMatrix.AddEquals(DotNetMatrix.GeneralMatrix)">
            <summary>A = A + B</summary>
            <param name="B">   another matrix
            </param>
            <returns>     A + B
            </returns>
        </member>
        <member name="M:DotNetMatrix.GeneralMatrix.Subtract(DotNetMatrix.GeneralMatrix)">
            <summary>C = A - B</summary>
            <param name="B">   another matrix
            </param>
            <returns>     A - B
            </returns>
        </member>
        <member name="M:DotNetMatrix.GeneralMatrix.SubtractEquals(DotNetMatrix.GeneralMatrix)">
            <summary>A = A - B</summary>
            <param name="B">   another matrix
            </param>
            <returns>     A - B
            </returns>
        </member>
        <member name="M:DotNetMatrix.GeneralMatrix.ArrayMultiply(DotNetMatrix.GeneralMatrix)">
            <summary>Element-by-element multiplication, C = A.*B</summary>
            <param name="B">   another matrix
            </param>
            <returns>     A.*B
            </returns>
        </member>
        <member name="M:DotNetMatrix.GeneralMatrix.ArrayMultiplyEquals(DotNetMatrix.GeneralMatrix)">
            <summary>Element-by-element multiplication in place, A = A.*B</summary>
            <param name="B">   another matrix
            </param>
            <returns>     A.*B
            </returns>
        </member>
        <member name="M:DotNetMatrix.GeneralMatrix.ArrayRightDivide(DotNetMatrix.GeneralMatrix)">
            <summary>Element-by-element right division, C = A./B</summary>
            <param name="B">   another matrix
            </param>
            <returns>     A./B
            </returns>
        </member>
        <member name="M:DotNetMatrix.GeneralMatrix.ArrayRightDivideEquals(DotNetMatrix.GeneralMatrix)">
            <summary>Element-by-element right division in place, A = A./B</summary>
            <param name="B">   another matrix
            </param>
            <returns>     A./B
            </returns>
        </member>
        <member name="M:DotNetMatrix.GeneralMatrix.ArrayLeftDivide(DotNetMatrix.GeneralMatrix)">
            <summary>Element-by-element left division, C = A.\B</summary>
            <param name="B">   another matrix
            </param>
            <returns>     A.\B
            </returns>
        </member>
        <member name="M:DotNetMatrix.GeneralMatrix.ArrayLeftDivideEquals(DotNetMatrix.GeneralMatrix)">
            <summary>Element-by-element left division in place, A = A.\B</summary>
            <param name="B">   another matrix
            </param>
            <returns>     A.\B
            </returns>
        </member>
        <member name="M:DotNetMatrix.GeneralMatrix.Multiply(System.Double)">
            <summary>Multiply a matrix by a scalar, C = s*A</summary>
            <param name="s">   scalar
            </param>
            <returns>     s*A
            </returns>
        </member>
        <member name="M:DotNetMatrix.GeneralMatrix.MultiplyEquals(System.Double)">
            <summary>Multiply a matrix by a scalar in place, A = s*A</summary>
            <param name="s">   scalar
            </param>
            <returns>     replace A by s*A
            </returns>
        </member>
        <member name="M:DotNetMatrix.GeneralMatrix.Multiply(DotNetMatrix.GeneralMatrix)">
            <summary>Linear algebraic matrix multiplication, A * B</summary>
            <param name="B">   another matrix
            </param>
            <returns>     Matrix product, A * B
            </returns>
            <exception cref="T:System.ArgumentException">  Matrix inner dimensions must agree.
            </exception>
        </member>
        <member name="M:DotNetMatrix.GeneralMatrix.op_Addition(DotNetMatrix.GeneralMatrix,DotNetMatrix.GeneralMatrix)">
            <summary>
             Addition of matrices
            </summary>
            <param name="m1"></param>
            <param name="m2"></param>
            <returns></returns>
        </member>
        <member name="M:DotNetMatrix.GeneralMatrix.op_Subtraction(DotNetMatrix.GeneralMatrix,DotNetMatrix.GeneralMatrix)">
            <summary>
            Subtraction of matrices
            </summary>
            <param name="m1"></param>
            <param name="m2"></param>
            <returns></returns>
        </member>
        <member name="M:DotNetMatrix.GeneralMatrix.op_Multiply(DotNetMatrix.GeneralMatrix,DotNetMatrix.GeneralMatrix)">
            <summary>
            Multiplication of matrices
            </summary>
            <param name="m1"></param>
            <param name="m2"></param>
            <returns></returns>
        </member>
        <member name="M:DotNetMatrix.GeneralMatrix.LUD">
            <summary>LU Decomposition</summary>
            <returns>     LUDecomposition
            </returns>
            <seealso cref="T:DotNetMatrix.LUDecomposition">
            </seealso>
        </member>
        <member name="M:DotNetMatrix.GeneralMatrix.QRD">
            <summary>QR Decomposition</summary>
            <returns>     QRDecomposition
            </returns>
            <seealso cref="T:DotNetMatrix.QRDecomposition">
            </seealso>
        </member>
        <member name="M:DotNetMatrix.GeneralMatrix.chol">
            <summary>Cholesky Decomposition</summary>
            <returns>     CholeskyDecomposition
            </returns>
            <seealso cref="T:DotNetMatrix.CholeskyDecomposition">
            </seealso>
        </member>
        <member name="M:DotNetMatrix.GeneralMatrix.SVD">
            <summary>Singular Value Decomposition</summary>
            <returns>     SingularValueDecomposition
            </returns>
            <seealso cref="T:DotNetMatrix.SingularValueDecomposition">
            </seealso>
        </member>
        <member name="M:DotNetMatrix.GeneralMatrix.Eigen">
            <summary>Eigenvalue Decomposition</summary>
            <returns>     EigenvalueDecomposition
            </returns>
            <seealso cref="T:DotNetMatrix.EigenvalueDecomposition">
            </seealso>
        </member>
        <member name="M:DotNetMatrix.GeneralMatrix.Solve(DotNetMatrix.GeneralMatrix)">
            <summary>Solve A*X = B</summary>
            <param name="B">   right hand side
            </param>
            <returns>     solution if A is square, least squares solution otherwise
            </returns>
        </member>
        <member name="M:DotNetMatrix.GeneralMatrix.SolveTranspose(DotNetMatrix.GeneralMatrix)">
            <summary>Solve X*A = B, which is also A'*X' = B'</summary>
            <param name="B">   right hand side
            </param>
            <returns>     
            solution if A is square, least squares solution otherwise.
            </returns>
        </member>
        <member name="M:DotNetMatrix.GeneralMatrix.Inverse">
            <summary>Matrix inverse or pseudoinverse</summary>
            <returns>     inverse(A) if A is square, pseudoinverse otherwise.
            </returns>
        </member>
        <member name="M:DotNetMatrix.GeneralMatrix.Determinant">
            <summary>GeneralMatrix determinant</summary>
            <returns>     determinant
            </returns>
        </member>
        <member name="M:DotNetMatrix.GeneralMatrix.Rank">
            <summary>GeneralMatrix rank</summary>
            <returns>     effective numerical rank, obtained from SVD.
            </returns>
        </member>
        <member name="M:DotNetMatrix.GeneralMatrix.Condition">
            <summary>Matrix condition (2 norm)</summary>
            <returns>     ratio of largest to smallest singular value.
            </returns>
        </member>
        <member name="M:DotNetMatrix.GeneralMatrix.Trace">
            <summary>Matrix trace.</summary>
            <returns>     sum of the diagonal elements.
            </returns>
        </member>
        <member name="M:DotNetMatrix.GeneralMatrix.Random(System.Int32,System.Int32)">
            <summary>Generate matrix with random elements</summary>
            <param name="m">   Number of rows.
            </param>
            <param name="n">   Number of colums.
            </param>
            <returns>     An m-by-n matrix with uniformly distributed random elements.
            </returns>
        </member>
        <member name="M:DotNetMatrix.GeneralMatrix.Identity(System.Int32,System.Int32)">
            <summary>Generate identity matrix</summary>
            <param name="m">   Number of rows.
            </param>
            <param name="n">   Number of colums.
            </param>
            <returns>     An m-by-n matrix with ones on the diagonal and zeros elsewhere.
            </returns>
        </member>
        <member name="M:DotNetMatrix.GeneralMatrix.CheckMatrixDimensions(DotNetMatrix.GeneralMatrix)">
            <summary>Check if size(A) == size(B) *</summary>
        </member>
        <member name="M:DotNetMatrix.GeneralMatrix.Dispose">
            <summary>
            Do not make this method virtual.
            A derived class should not be able to override this method.
            </summary>
        </member>
        <member name="M:DotNetMatrix.GeneralMatrix.Dispose(System.Boolean)">
            <summary>
            Dispose(bool disposing) executes in two distinct scenarios.
            If disposing equals true, the method has been called directly
            or indirectly by a user's code. Managed and unmanaged resources
            can be disposed.
            If disposing equals false, the method has been called by the 
            runtime from inside the finalizer and you should not reference 
            other objects. Only unmanaged resources can be disposed.
            </summary>
            <param name="disposing"></param>
        </member>
        <member name="M:DotNetMatrix.GeneralMatrix.Finalize">
            <summary>
            This destructor will run only if the Dispose method 
            does not get called.
            It gives your base class the opportunity to finalize.
            Do not provide destructors in types derived from this class.
            </summary>
        </member>
        <member name="M:DotNetMatrix.GeneralMatrix.Clone">
            <summary>
            Clone the GeneralMatrix object.
            </summary>
        </member>
        <member name="M:DotNetMatrix.GeneralMatrix.System#Runtime#Serialization#ISerializable#GetObjectData(System.Runtime.Serialization.SerializationInfo,System.Runtime.Serialization.StreamingContext)">
            <summary>
            A method called when serializing this class
            </summary>
            <param name="info"></param>
            <param name="context"></param>
        </member>
        <member name="P:DotNetMatrix.GeneralMatrix.Array">
            <summary>Access the internal two-dimensional array.</summary>
            <returns>     Pointer to the two-dimensional array of matrix elements.
            </returns>
        </member>
        <member name="P:DotNetMatrix.GeneralMatrix.ArrayCopy">
            <summary>Copy the internal two-dimensional array.</summary>
            <returns>     Two-dimensional array copy of matrix elements.
            </returns>
        </member>
        <member name="P:DotNetMatrix.GeneralMatrix.ColumnPackedCopy">
            <summary>
            Make a one-dimensional column packed copy of the internal array.
            </summary>
            <returns>     
            Matrix elements packed in a one-dimensional array by columns.
            </returns>
        </member>
        <member name="P:DotNetMatrix.GeneralMatrix.RowPackedCopy">
            <summary>
            Make a one-dimensional row packed copy of the internal array.
            </summary>
            <returns>     
            Matrix elements packed in a one-dimensional array by rows.
            </returns>
        </member>
        <member name="P:DotNetMatrix.GeneralMatrix.RowDimension">
            <summary>
            Get row dimension.
            </summary>
            <returns>     
            m, the number of rows.
            </returns>
        </member>
        <member name="P:DotNetMatrix.GeneralMatrix.ColumnDimension">
            <summary>Get column dimension.</summary>
            <returns>     n, the number of columns.
            </returns>
        </member>
        <member name="T:DotNetMatrix.LUDecomposition">
            <summary>LU Decomposition.
            For an m-by-n matrix A with m >= n, the LU decomposition is an m-by-n
            unit lower triangular matrix L, an n-by-n upper triangular matrix U,
            and a permutation vector piv of length m so that A(piv,:) = L*U.
            <code> If m &lt; n, then L is m-by-m and U is m-by-n. </code>
            The LU decompostion with pivoting always exists, even if the matrix is
            singular, so the constructor will never fail.  The primary use of the
            LU decomposition is in the solution of square systems of simultaneous
            linear equations.  This will fail if IsNonSingular() returns false.
            </summary>
        </member>
        <member name="F:DotNetMatrix.LUDecomposition.LU">
            <summary>Array for internal storage of decomposition.
            @serial internal array storage.
            </summary>
        </member>
        <member name="F:DotNetMatrix.LUDecomposition.m">
            <summary>Row and column dimensions, and pivot sign.
            @serial column dimension.
            @serial row dimension.
            @serial pivot sign.
            </summary>
        </member>
        <member name="F:DotNetMatrix.LUDecomposition.n">
            <summary>Row and column dimensions, and pivot sign.
            @serial column dimension.
            @serial row dimension.
            @serial pivot sign.
            </summary>
        </member>
        <member name="F:DotNetMatrix.LUDecomposition.pivsign">
            <summary>Row and column dimensions, and pivot sign.
            @serial column dimension.
            @serial row dimension.
            @serial pivot sign.
            </summary>
        </member>
        <member name="F:DotNetMatrix.LUDecomposition.piv">
            <summary>Internal storage of pivot vector.
            @serial pivot vector.
            </summary>
        </member>
        <member name="M:DotNetMatrix.LUDecomposition.#ctor(DotNetMatrix.GeneralMatrix)">
            <summary>LU Decomposition</summary>
            <param name="A">  Rectangular matrix
            </param>
            <returns>     Structure to access L, U and piv.
            </returns>
        </member>
        <member name="M:DotNetMatrix.LUDecomposition.Determinant">
            <summary>Determinant</summary>
            <returns>     det(A)
            </returns>
            <exception cref="T:System.ArgumentException">  Matrix must be square
            </exception>
        </member>
        <member name="M:DotNetMatrix.LUDecomposition.Solve(DotNetMatrix.GeneralMatrix)">
            <summary>Solve A*X = B</summary>
            <param name="B">  A Matrix with as many rows as A and any number of columns.
            </param>
            <returns>     X so that L*U*X = B(piv,:)
            </returns>
            <exception cref="T:System.ArgumentException"> Matrix row dimensions must agree.
            </exception>
            <exception cref="T:System.SystemException"> Matrix is singular.
            </exception>
        </member>
        <member name="P:DotNetMatrix.LUDecomposition.IsNonSingular">
            <summary>Is the matrix nonsingular?</summary>
            <returns>     true if U, and hence A, is nonsingular.
            </returns>
        </member>
        <member name="P:DotNetMatrix.LUDecomposition.L">
            <summary>Return lower triangular factor</summary>
            <returns>     L
            </returns>
        </member>
        <member name="P:DotNetMatrix.LUDecomposition.U">
            <summary>Return upper triangular factor</summary>
            <returns>     U
            </returns>
        </member>
        <member name="P:DotNetMatrix.LUDecomposition.Pivot">
            <summary>Return pivot permutation vector</summary>
            <returns>     piv
            </returns>
        </member>
        <member name="P:DotNetMatrix.LUDecomposition.DoublePivot">
            <summary>Return pivot permutation vector as a one-dimensional double array</summary>
            <returns>     (double) piv
            </returns>
        </member>
        <member name="T:DotNetMatrix.QRDecomposition">
            <summary>QR Decomposition.
            For an m-by-n matrix A with m >= n, the QR decomposition is an m-by-n
            orthogonal matrix Q and an n-by-n upper triangular matrix R so that
            A = Q*R.
            
            The QR decompostion always exists, even if the matrix does not have
            full rank, so the constructor will never fail.  The primary use of the
            QR decomposition is in the least squares solution of nonsquare systems
            of simultaneous linear equations.  This will fail if IsFullRank()
            returns false.
            </summary>
        </member>
        <member name="F:DotNetMatrix.QRDecomposition.QR">
            <summary>Array for internal storage of decomposition.
            @serial internal array storage.
            </summary>
        </member>
        <member name="F:DotNetMatrix.QRDecomposition.m">
            <summary>Row and column dimensions.
            @serial column dimension.
            @serial row dimension.
            </summary>
        </member>
        <member name="F:DotNetMatrix.QRDecomposition.n">
            <summary>Row and column dimensions.
            @serial column dimension.
            @serial row dimension.
            </summary>
        </member>
        <member name="F:DotNetMatrix.QRDecomposition.Rdiag">
            <summary>Array for internal storage of diagonal of R.
            @serial diagonal of R.
            </summary>
        </member>
        <member name="M:DotNetMatrix.QRDecomposition.#ctor(DotNetMatrix.GeneralMatrix)">
            <summary>QR Decomposition, computed by Householder reflections.</summary>
            <param name="A">   Rectangular matrix
            </param>
            <returns>     Structure to access R and the Householder vectors and compute Q.
            </returns>
        </member>
        <member name="M:DotNetMatrix.QRDecomposition.Solve(DotNetMatrix.GeneralMatrix)">
            <summary>Least squares solution of A*X = B</summary>
            <param name="B">   A Matrix with as many rows as A and any number of columns.
            </param>
            <returns>     X that minimizes the two norm of Q*R*X-B.
            </returns>
            <exception cref="T:System.ArgumentException"> Matrix row dimensions must agree.
            </exception>
            <exception cref="T:System.SystemException"> Matrix is rank deficient.
            </exception>
        </member>
        <member name="P:DotNetMatrix.QRDecomposition.FullRank">
            <summary>Is the matrix full rank?</summary>
            <returns>     true if R, and hence A, has full rank.
            </returns>
        </member>
        <member name="P:DotNetMatrix.QRDecomposition.H">
            <summary>Return the Householder vectors</summary>
            <returns>     Lower trapezoidal matrix whose columns define the reflections
            </returns>
        </member>
        <member name="P:DotNetMatrix.QRDecomposition.R">
            <summary>Return the upper triangular factor</summary>
            <returns>     R
            </returns>
        </member>
        <member name="P:DotNetMatrix.QRDecomposition.Q">
            <summary>Generate and return the (economy-sized) orthogonal factor</summary>
            <returns>     Q
            </returns>
        </member>
        <member name="T:DotNetMatrix.SingularValueDecomposition">
            <summary>Singular Value Decomposition.
            <P>
            For an m-by-n matrix A with m >= n, the singular value decomposition is
            an m-by-n orthogonal matrix U, an n-by-n diagonal matrix S, and
            an n-by-n orthogonal matrix V so that A = U*S*V'.
            </P><P>
            The singular values, sigma[k] = S[k][k], are ordered so that
            sigma[0] >= sigma[1] >= ... >= sigma[n-1].
            </P><P>
            The singular value decompostion always exists, so the constructor will
            never fail.  The matrix condition number and the effective numerical
            rank can be computed from this decomposition.
            </P>
            </summary>
        </member>
        <member name="F:DotNetMatrix.SingularValueDecomposition.U">
            <summary>Arrays for internal storage of U and V.
            @serial internal storage of U.
            @serial internal storage of V.
            </summary>
        </member>
        <member name="F:DotNetMatrix.SingularValueDecomposition.V">
            <summary>Arrays for internal storage of U and V.
            @serial internal storage of U.
            @serial internal storage of V.
            </summary>
        </member>
        <member name="F:DotNetMatrix.SingularValueDecomposition.s">
            <summary>Array for internal storage of singular values.
            @serial internal storage of singular values.
            </summary>
        </member>
        <member name="F:DotNetMatrix.SingularValueDecomposition.m">
            <summary>Row and column dimensions.
            @serial row dimension.
            @serial column dimension.
            </summary>
        </member>
        <member name="F:DotNetMatrix.SingularValueDecomposition.n">
            <summary>Row and column dimensions.
            @serial row dimension.
            @serial column dimension.
            </summary>
        </member>
        <member name="M:DotNetMatrix.SingularValueDecomposition.#ctor(DotNetMatrix.GeneralMatrix)">
            <summary>Construct the singular value decomposition</summary>
            <param name="Arg">   Rectangular matrix
            </param>
            <returns>     Structure to access U, S and V.
            </returns>
        </member>
        <member name="M:DotNetMatrix.SingularValueDecomposition.GetU">
            <summary>Return the left singular vectors</summary>
            <returns>     U
            </returns>
        </member>
        <member name="M:DotNetMatrix.SingularValueDecomposition.GetV">
            <summary>Return the right singular vectors</summary>
            <returns>     V
            </returns>
        </member>
        <member name="M:DotNetMatrix.SingularValueDecomposition.Norm2">
            <summary>Two norm</summary>
            <returns>     max(S)
            </returns>
        </member>
        <member name="M:DotNetMatrix.SingularValueDecomposition.Condition">
            <summary>Two norm condition number</summary>
            <returns>     max(S)/min(S)
            </returns>
        </member>
        <member name="M:DotNetMatrix.SingularValueDecomposition.Rank">
            <summary>Effective numerical matrix rank</summary>
            <returns>     Number of nonnegligible singular values.
            </returns>
        </member>
        <member name="P:DotNetMatrix.SingularValueDecomposition.SingularValues">
            <summary>Return the one-dimensional array of singular values</summary>
            <returns>     diagonal of S.
            </returns>
        </member>
        <member name="P:DotNetMatrix.SingularValueDecomposition.S">
            <summary>Return the diagonal matrix of singular values</summary>
            <returns>     S
            </returns>
        </member>
    </members>
</doc>
